payID,productID,payBy,payTo,payTime,amount,deliveryStatus,deliveryTime,payStatus,commission
1,1,54,958,"2020-09-07 17:35:36",781.98,notDelivered,"2021-09-17 01:58:26",unpaid,1.56396
2,2,111,903,"2021-05-07 09:32:26",798.35,notDelivered,"2021-09-17 01:58:26",unpaid,1.5967
3,3,142,923,"2020-03-06 00:28:51",520.15,delivering,"2021-09-17 01:58:26",paid,1.0403
4,4,98,683,"2020-09-13 01:24:09",466.6,notDelivered,"2021-09-17 01:58:26",unpaid,0.9332
5,5,25,865,"2020-09-08 11:51:00",652.57,notDelivered,"2021-09-17 01:58:26",paid,1.30514
6,6,298,821,"2020-05-06 16:54:58",46.5,notDelivered,"2021-09-17 01:58:26",unpaid,0.093
7,7,431,974,"2020-07-21 13:38:45",209.06,notDelivered,"2021-09-17 01:58:26",unpaid,0.41812
8,8,38,937,"2020-11-16 13:43:44",791.76,notDelivered,"2021-09-17 01:58:26",paid,1.58352
9,9,461,547,"2020-11-05 19:56:45",977.5,delivered,"2021-09-17 01:58:26",paid,1.955
10,10,278,726,"2020-03-23 10:48:46",735.34,delivering,"2021-09-17 01:58:26",paid,1.47068
11,11,417,558,"2021-04-29 03:44:52",690.64,delivering,"2021-09-17 01:58:26",paid,1.38128
12,12,138,599,"2020-07-02 17:52:18",606.16,delivering,"2021-09-17 01:58:26",paid,1.21232
13,13,306,916,"2020-01-19 13:45:07",432.46,notDelivered,"2021-09-17 01:58:26",unpaid,0.86492
14,14,401,658,"2021-07-07 12:05:02",533.58,delivered,"2021-09-17 01:58:26",unpaid,1.06716
15,15,47,558,"2020-06-12 05:58:56",407,delivered,"2021-09-17 01:58:26",paid,0.814
16,16,277,528,"2021-01-11 08:50:49",877.31,delivered,"2021-09-17 01:58:26",unpaid,1.75462
17,17,208,624,"2020-03-04 04:10:24",750.71,notDelivered,"2021-09-17 01:58:26",paid,1.50142
18,18,285,918,"2020-07-26 18:54:43",487.8,notDelivered,"2021-09-17 01:58:26",paid,0.9756
19,19,489,508,"2020-02-19 22:20:02",783.12,delivering,"2021-09-17 01:58:26",paid,1.56624
20,20,147,968,"2020-08-14 03:28:14",796.51,delivering,"2021-09-17 01:58:26",unpaid,1.59302
21,21,358,552,"2020-01-19 15:18:46",521.67,notDelivered,"2021-09-17 01:58:26",paid,1.04334
22,22,385,868,"2021-08-12 23:35:01",748.22,delivering,"2021-09-17 01:58:26",unpaid,1.49644
23,23,320,604,"2020-02-28 06:00:11",750.87,delivering,"2021-09-17 01:58:26",unpaid,1.50174
24,24,48,730,"2020-11-04 09:06:34",754.82,notDelivered,"2021-09-17 01:58:26",unpaid,1.50964
25,25,249,522,"2020-08-01 21:14:10",875.82,delivered,"2021-09-17 01:58:26",unpaid,1.75164
26,26,245,738,"2021-09-08 14:06:55",394.45,delivered,"2021-09-17 01:58:26",unpaid,0.7889
27,27,453,564,"2020-04-13 09:45:13",867.06,delivering,"2021-09-17 01:58:26",unpaid,1.73412
28,28,488,897,"2020-02-13 15:53:43",839.52,notDelivered,"2021-09-17 01:58:27",unpaid,1.67904
29,29,212,533,"2021-06-03 22:39:29",972.37,notDelivered,"2021-09-17 01:58:27",paid,1.94474
30,30,78,874,"2021-01-09 02:20:45",230.44,notDelivered,"2021-09-17 01:58:27",unpaid,0.46088
31,31,135,730,"2021-06-04 03:31:06",164.72,notDelivered,"2021-09-17 01:58:27",paid,0.32944
32,32,80,768,"2020-10-10 15:59:52",105.1,delivered,"2021-09-17 01:58:27",paid,0.2102
33,33,258,681,"2020-04-28 11:55:23",784.25,delivered,"2021-09-17 01:58:27",paid,1.5685
34,34,163,998,"2020-03-09 18:35:26",638.95,delivering,"2021-09-17 01:58:27",paid,1.2779
35,35,374,603,"2020-12-20 10:21:15",325.57,notDelivered,"2021-09-17 01:58:27",unpaid,0.65114
36,36,359,674,"2020-07-26 10:24:35",763.52,notDelivered,"2021-09-17 01:58:27",unpaid,1.52704
37,37,399,956,"2020-11-13 17:17:19",657.09,notDelivered,"2021-09-17 01:58:27",paid,1.31418
38,38,32,885,"2021-04-14 03:02:19",355.69,delivered,"2021-09-17 01:58:27",paid,0.71138
39,39,262,923,"2020-12-25 12:44:28",500.2,notDelivered,"2021-09-17 01:58:27",unpaid,1.0004
40,40,390,508,"2020-05-23 20:33:46",257.37,delivered,"2021-09-17 01:58:27",paid,0.51474
41,41,49,823,"2021-07-13 05:00:29",39.04,delivering,"2021-09-17 01:58:27",unpaid,0.07808
42,42,354,759,"2020-02-10 19:12:20",631.27,delivering,"2021-09-17 01:58:27",unpaid,1.26254
43,43,208,854,"2020-02-14 05:21:27",298.31,delivered,"2021-09-17 01:58:27",paid,0.59662
44,44,255,763,"2021-01-17 21:27:27",226.15,delivered,"2021-09-17 01:58:27",paid,0.4523
45,45,12,739,"2020-01-04 16:27:00",897.06,notDelivered,"2021-09-17 01:58:27",paid,1.79412
46,46,414,576,"2021-06-28 14:11:14",679.09,delivering,"2021-09-17 01:58:27",paid,1.35818
47,47,209,615,"2021-07-28 18:44:19",842.29,delivering,"2021-09-17 01:58:27",paid,1.68458
48,48,311,787,"2020-12-10 07:30:26",691.73,delivered,"2021-09-17 01:58:27",unpaid,1.38346
49,49,68,571,"2021-02-11 13:04:26",284.39,delivering,"2021-09-17 01:58:27",paid,0.56878
50,50,333,643,"2021-05-31 09:57:55",108.21,delivering,"2021-09-17 01:58:27",unpaid,0.21642
51,51,375,826,"2020-05-31 05:15:12",897.7,notDelivered,"2021-09-17 01:58:27",paid,1.7954
52,52,365,660,"2020-10-03 06:18:22",972.85,notDelivered,"2021-09-17 01:58:27",paid,1.9457
53,53,383,846,"2021-02-03 05:03:17",92.75,delivering,"2021-09-17 01:58:27",paid,0.1855
54,54,251,874,"2021-08-09 20:06:34",490.97,notDelivered,"2021-09-17 01:58:27",unpaid,0.98194
55,55,191,679,"2020-12-08 02:05:23",749.76,delivered,"2021-09-17 01:58:27",unpaid,1.49952
56,56,349,752,"2020-11-23 06:35:07",85.78,notDelivered,"2021-09-17 01:58:27",unpaid,0.17156
57,57,362,865,"2020-09-07 16:39:32",682.18,delivered,"2021-09-17 01:58:27",unpaid,1.36436
58,58,246,711,"2021-01-09 09:53:58",172.74,delivering,"2021-09-17 01:58:27",unpaid,0.34548
59,59,191,808,"2021-03-03 21:20:30",804.62,delivering,"2021-09-17 01:58:27",unpaid,1.60924
60,60,25,620,"2021-02-17 06:47:37",125.84,delivered,"2021-09-17 01:58:27",unpaid,0.25168
61,61,109,610,"2020-07-07 00:58:17",834.97,delivering,"2021-09-17 01:58:27",unpaid,1.66994
62,62,56,565,"2021-02-07 11:04:07",619.11,notDelivered,"2021-09-17 01:58:27",paid,1.23822
63,63,98,903,"2020-07-27 22:31:53",528.96,delivering,"2021-09-17 01:58:27",unpaid,1.05792
64,64,271,585,"2020-04-13 13:29:00",93.04,delivering,"2021-09-17 01:58:27",paid,0.18608
65,65,323,577,"2021-03-31 10:15:27",176.16,notDelivered,"2021-09-17 01:58:27",paid,0.35232
66,66,336,965,"2020-02-24 04:21:54",426.22,notDelivered,"2021-09-17 01:58:27",unpaid,0.85244
67,67,212,523,"2020-01-11 13:52:17",994.54,notDelivered,"2021-09-17 01:58:27",unpaid,1.98908
68,68,98,928,"2021-02-07 10:13:54",165.9,notDelivered,"2021-09-17 01:58:27",paid,0.3318
69,69,303,845,"2020-11-09 08:44:16",841.85,delivering,"2021-09-17 01:58:27",unpaid,1.6837
70,70,143,847,"2021-04-22 13:50:45",797.03,notDelivered,"2021-09-17 01:58:27",paid,1.59406
71,71,420,666,"2020-02-10 16:39:28",538.5,delivering,"2021-09-17 01:58:27",paid,1.077
72,72,227,594,"2020-07-02 18:05:56",650.46,delivered,"2021-09-17 01:58:27",unpaid,1.30092
73,73,323,554,"2020-11-04 14:13:33",277,notDelivered,"2021-09-17 01:58:27",paid,0.554
74,74,436,540,"2021-04-25 16:47:53",702.6,delivering,"2021-09-17 01:58:27",paid,1.4052
75,75,206,900,"2021-02-18 09:06:00",121.66,notDelivered,"2021-09-17 01:58:27",unpaid,0.24332
76,76,208,879,"2020-02-17 17:29:23",731.85,delivered,"2021-09-17 01:58:27",unpaid,1.4637
77,77,420,895,"2020-11-07 00:50:30",811.38,delivered,"2021-09-17 01:58:27",unpaid,1.62276
78,78,27,741,"2021-06-29 06:48:18",698.33,delivered,"2021-09-17 01:58:27",unpaid,1.39666
79,79,160,782,"2021-01-01 03:48:39",692.65,delivering,"2021-09-17 01:58:27",paid,1.3853
80,80,153,553,"2020-11-29 18:42:15",903.41,delivered,"2021-09-17 01:58:27",unpaid,1.80682
81,81,293,526,"2020-01-05 02:24:19",32.87,notDelivered,"2021-09-17 01:58:27",unpaid,0.06574
82,82,179,523,"2021-02-22 16:23:40",877.25,delivering,"2021-09-17 01:58:27",unpaid,1.7545
83,83,458,578,"2020-10-19 08:08:50",946.4,delivering,"2021-09-17 01:58:27",unpaid,1.8928
84,84,146,822,"2020-07-15 04:02:01",650.98,delivering,"2021-09-17 01:58:27",unpaid,1.30196
85,85,80,647,"2020-07-10 23:09:01",410.27,notDelivered,"2021-09-17 01:58:27",paid,0.82054
86,86,32,754,"2021-01-25 07:10:57",546.26,notDelivered,"2021-09-17 01:58:27",paid,1.09252
87,87,436,554,"2020-05-09 11:00:02",928.09,delivered,"2021-09-17 01:58:27",paid,1.85618
88,88,303,826,"2020-02-18 08:37:39",569.83,notDelivered,"2021-09-17 01:58:27",unpaid,1.13966
89,89,82,607,"2021-07-27 12:03:44",907.51,notDelivered,"2021-09-17 01:58:27",paid,1.81502
90,90,66,751,"2021-06-30 20:16:25",300.07,delivering,"2021-09-17 01:58:27",unpaid,0.60014
91,91,352,741,"2020-10-24 02:57:19",160.27,delivering,"2021-09-17 01:58:27",paid,0.32054
92,92,173,793,"2020-05-12 10:25:02",555.54,delivered,"2021-09-17 01:58:27",paid,1.11108
93,93,287,632,"2021-04-27 19:44:42",565.82,notDelivered,"2021-09-17 01:58:27",paid,1.13164
94,94,13,743,"2021-04-04 12:18:24",730.53,delivering,"2021-09-17 01:58:27",paid,1.46106
95,95,279,971,"2020-05-22 20:51:53",692.65,delivering,"2021-09-17 01:58:27",unpaid,1.3853
96,96,254,793,"2020-03-23 19:27:26",245.65,delivering,"2021-09-17 01:58:27",paid,0.4913
97,97,402,823,"2021-07-18 00:47:29",807.06,delivering,"2021-09-17 01:58:27",paid,1.61412
98,98,465,544,"2020-12-12 23:58:13",72.3,delivered,"2021-09-17 01:58:27",paid,0.1446
99,99,354,796,"2021-08-06 11:25:42",789.38,delivering,"2021-09-17 01:58:27",unpaid,1.57876
100,100,354,624,"2021-03-27 03:20:52",437.85,delivering,"2021-09-17 01:58:27",unpaid,0.8757
101,101,49,859,"2021-03-30 23:11:52",948.33,delivering,"2021-09-17 01:58:27",paid,1.89666
102,102,220,590,"2020-06-23 07:23:09",512.06,delivered,"2021-09-17 01:58:27",unpaid,1.02412
103,103,163,954,"2020-09-22 00:52:30",254.91,notDelivered,"2021-09-17 01:58:27",unpaid,0.50982
104,104,77,617,"2021-05-17 23:08:16",316.67,delivering,"2021-09-17 01:58:27",unpaid,0.63334
105,105,169,561,"2021-08-25 22:11:08",607.62,delivered,"2021-09-17 01:58:27",unpaid,1.21524
106,106,253,794,"2021-01-18 06:47:43",66.87,delivering,"2021-09-17 01:58:27",unpaid,0.13374
107,107,123,675,"2020-05-19 10:16:42",531.89,delivered,"2021-09-17 01:58:27",unpaid,1.06378
108,108,347,851,"2021-07-10 10:19:31",26.1,notDelivered,"2021-09-17 01:58:27",paid,0.0522
109,109,257,796,"2021-03-17 13:57:23",994.15,delivered,"2021-09-17 01:58:27",unpaid,1.9883
110,110,404,754,"2020-12-02 16:35:55",306.37,delivering,"2021-09-17 01:58:27",unpaid,0.61274
111,111,15,602,"2020-09-26 08:45:26",846.32,notDelivered,"2021-09-17 01:58:27",paid,1.69264
112,112,375,788,"2021-06-23 02:15:44",460.15,delivered,"2021-09-17 01:58:27",unpaid,0.9203
113,113,148,718,"2020-07-08 12:45:49",689.37,notDelivered,"2021-09-17 01:58:27",unpaid,1.37874
114,114,493,876,"2021-01-21 01:38:45",660.82,delivered,"2021-09-17 01:58:27",unpaid,1.32164
115,115,107,725,"2020-08-12 12:58:08",433.06,delivering,"2021-09-17 01:58:27",unpaid,0.86612
116,116,357,975,"2020-12-09 00:54:44",274.54,delivered,"2021-09-17 01:58:27",unpaid,0.54908
117,117,284,521,"2021-04-01 02:47:33",350.94,delivered,"2021-09-17 01:58:27",unpaid,0.70188
118,118,18,953,"2021-02-05 04:15:47",156.85,notDelivered,"2021-09-17 01:58:27",paid,0.3137
119,119,259,885,"2020-11-26 04:46:15",118.45,notDelivered,"2021-09-17 01:58:27",paid,0.2369
120,120,302,777,"2020-02-06 22:40:24",889.03,notDelivered,"2021-09-17 01:58:27",paid,1.77806
121,121,380,767,"2021-03-04 17:50:41",312.66,delivered,"2021-09-17 01:58:27",paid,0.62532
122,122,80,690,"2020-02-14 19:28:13",521.17,notDelivered,"2021-09-17 01:58:27",paid,1.04234
123,123,125,660,"2020-01-17 16:50:34",101.96,delivered,"2021-09-17 01:58:27",unpaid,0.20392
124,124,171,863,"2020-03-31 10:52:44",331.22,delivered,"2021-09-17 01:58:27",unpaid,0.66244
125,125,363,898,"2020-09-12 08:06:26",14.83,notDelivered,"2021-09-17 01:58:27",unpaid,0.02966
126,126,21,837,"2020-12-22 16:47:38",828.05,notDelivered,"2021-09-17 01:58:27",unpaid,1.6561
127,127,365,788,"2020-08-22 20:26:55",638.33,delivering,"2021-09-17 01:58:27",unpaid,1.27666
128,128,367,908,"2021-06-24 20:13:51",682.65,notDelivered,"2021-09-17 01:58:27",paid,1.3653
129,129,436,705,"2020-11-18 07:48:40",222.45,notDelivered,"2021-09-17 01:58:27",unpaid,0.4449
130,130,93,674,"2020-05-13 18:24:42",234.83,delivered,"2021-09-17 01:58:27",unpaid,0.46966
131,131,40,642,"2021-07-12 18:04:45",507.24,delivered,"2021-09-17 01:58:27",unpaid,1.01448
132,132,246,547,"2020-10-26 00:20:10",8.49,delivered,"2021-09-17 01:58:27",unpaid,0.01698
133,133,151,535,"2020-10-26 04:11:06",735.46,delivering,"2021-09-17 01:58:27",unpaid,1.47092
134,134,422,889,"2021-06-24 00:24:04",573.46,delivered,"2021-09-17 01:58:27",paid,1.14692
135,135,282,646,"2021-03-27 16:17:08",233.79,delivered,"2021-09-17 01:58:27",unpaid,0.46758
136,136,155,693,"2020-10-05 17:32:14",15.24,delivering,"2021-09-17 01:58:27",unpaid,0.03048
137,137,258,502,"2020-06-20 13:50:06",718.64,delivering,"2021-09-17 01:58:27",paid,1.43728
138,138,179,969,"2021-04-29 11:58:35",382.02,delivered,"2021-09-17 01:58:27",unpaid,0.76404
139,139,68,942,"2020-10-27 04:03:36",232.46,notDelivered,"2021-09-17 01:58:27",paid,0.46492
140,140,233,837,"2020-11-04 14:34:57",94.72,delivering,"2021-09-17 01:58:27",paid,0.18944
141,141,158,631,"2020-12-06 02:06:03",103.66,delivered,"2021-09-17 01:58:27",unpaid,0.20732
142,142,144,516,"2021-03-21 14:31:13",404.07,notDelivered,"2021-09-17 01:58:27",paid,0.80814
143,143,115,628,"2020-05-08 20:06:30",918.65,delivering,"2021-09-17 01:58:27",paid,1.8373
144,144,267,502,"2020-05-10 10:29:53",556.14,delivered,"2021-09-17 01:58:27",paid,1.11228
145,145,142,690,"2021-03-15 14:47:02",100.68,delivering,"2021-09-17 01:58:27",paid,0.20136
146,146,277,609,"2021-08-18 14:07:38",537.76,delivered,"2021-09-17 01:58:27",unpaid,1.07552
147,147,198,700,"2020-08-26 07:06:05",185.81,notDelivered,"2021-09-17 01:58:27",paid,0.37162
148,148,16,784,"2020-08-29 02:54:11",278.02,delivered,"2021-09-17 01:58:27",unpaid,0.55604
149,149,355,876,"2021-03-17 10:43:22",776.44,delivered,"2021-09-17 01:58:27",paid,1.55288
150,150,31,947,"2020-01-18 11:25:43",235.36,notDelivered,"2021-09-17 01:58:27",unpaid,0.47072
151,151,353,737,"2020-11-26 08:14:03",102.44,notDelivered,"2021-09-17 01:58:27",unpaid,0.20488
152,152,257,718,"2020-11-11 11:57:18",993.3,notDelivered,"2021-09-17 01:58:27",paid,1.9866
153,153,194,535,"2020-05-02 22:10:28",786.45,delivered,"2021-09-17 01:58:27",unpaid,1.5729
154,154,342,542,"2021-05-12 14:25:52",355.81,delivering,"2021-09-17 01:58:27",paid,0.71162
155,155,44,531,"2021-04-08 08:46:40",441.84,delivering,"2021-09-17 01:58:27",unpaid,0.88368
156,156,335,977,"2020-12-10 16:25:38",869.33,notDelivered,"2021-09-17 01:58:27",unpaid,1.73866
157,157,431,647,"2021-09-04 02:11:43",538.84,delivered,"2021-09-17 01:58:27",unpaid,1.07768
158,158,122,783,"2021-03-04 18:19:00",681.58,delivered,"2021-09-17 01:58:27",paid,1.36316
159,159,157,777,"2021-02-24 04:34:29",612.51,delivering,"2021-09-17 01:58:27",unpaid,1.22502
160,160,205,766,"2021-01-12 03:24:19",53.4,delivered,"2021-09-17 01:58:27",unpaid,0.1068
161,161,65,862,"2020-04-26 00:36:40",813.18,notDelivered,"2021-09-17 01:58:27",paid,1.62636
162,162,205,942,"2021-07-07 16:36:03",876.72,delivered,"2021-09-17 01:58:27",unpaid,1.75344
163,163,84,785,"2021-08-01 03:32:29",534.01,notDelivered,"2021-09-17 01:58:27",unpaid,1.06802
164,164,206,916,"2020-10-22 04:06:33",714.98,notDelivered,"2021-09-17 01:58:27",unpaid,1.42996
165,165,447,853,"2020-10-01 03:11:45",552,notDelivered,"2021-09-17 01:58:27",unpaid,1.104
166,166,230,704,"2020-06-12 08:28:28",204.03,delivering,"2021-09-17 01:58:27",paid,0.40806
167,167,8,933,"2021-02-14 05:56:46",934.92,notDelivered,"2021-09-17 01:58:27",paid,1.86984
168,168,273,549,"2020-11-16 00:22:32",866.41,delivering,"2021-09-17 01:58:27",unpaid,1.73282
169,169,270,790,"2020-11-26 00:39:00",712.08,delivered,"2021-09-17 01:58:27",unpaid,1.42416
170,170,464,504,"2020-08-09 21:57:20",314.21,notDelivered,"2021-09-17 01:58:27",paid,0.62842
171,171,439,639,"2020-10-30 22:39:23",206.26,delivering,"2021-09-17 01:58:27",unpaid,0.41252
172,172,460,687,"2021-03-14 05:44:16",35.18,delivered,"2021-09-17 01:58:27",unpaid,0.07036
173,173,333,702,"2021-06-13 19:41:03",807.08,notDelivered,"2021-09-17 01:58:27",paid,1.61416
174,174,223,665,"2021-03-10 05:38:24",799.08,delivered,"2021-09-17 01:58:27",paid,1.59816
175,175,44,809,"2020-10-13 06:56:44",662.79,delivering,"2021-09-17 01:58:28",paid,1.32558
176,176,45,531,"2020-01-10 05:28:24",701.72,delivering,"2021-09-17 01:58:28",paid,1.40344
177,177,442,721,"2021-07-11 15:17:03",377.27,delivering,"2021-09-17 01:58:28",unpaid,0.75454
178,178,330,900,"2021-08-18 06:06:35",974.61,notDelivered,"2021-09-17 01:58:28",unpaid,1.94922
179,179,251,647,"2020-10-15 07:17:47",601.03,delivering,"2021-09-17 01:58:28",unpaid,1.20206
180,180,358,947,"2020-07-02 15:08:16",741.76,notDelivered,"2021-09-17 01:58:28",unpaid,1.48352
181,181,343,669,"2021-05-13 03:01:45",133.93,notDelivered,"2021-09-17 01:58:28",paid,0.26786
182,182,159,622,"2020-10-16 19:18:08",729.2,notDelivered,"2021-09-17 01:58:28",paid,1.4584
183,183,195,711,"2021-03-31 03:59:25",651.67,notDelivered,"2021-09-17 01:58:28",unpaid,1.30334
184,184,112,786,"2020-02-10 16:56:37",206.36,delivering,"2021-09-17 01:58:28",unpaid,0.41272
185,185,375,538,"2020-12-04 00:52:40",344.99,delivering,"2021-09-17 01:58:28",paid,0.68998
186,186,274,730,"2020-06-22 13:06:46",912.73,delivering,"2021-09-17 01:58:28",paid,1.82546
187,187,270,601,"2020-02-27 23:46:29",303.29,notDelivered,"2021-09-17 01:58:28",unpaid,0.60658
188,188,294,863,"2021-06-30 13:17:33",748.86,notDelivered,"2021-09-17 01:58:28",unpaid,1.49772
189,189,130,728,"2021-02-20 07:45:18",32.57,notDelivered,"2021-09-17 01:58:28",unpaid,0.06514
190,190,429,997,"2021-06-15 11:17:34",767.36,delivering,"2021-09-17 01:58:28",unpaid,1.53472
191,191,361,546,"2021-03-27 09:23:39",180.2,notDelivered,"2021-09-17 01:58:28",unpaid,0.3604
192,192,121,562,"2021-05-12 21:00:18",447.92,delivered,"2021-09-17 01:58:28",paid,0.89584
193,193,217,610,"2020-12-29 09:17:54",383.53,delivering,"2021-09-17 01:58:28",paid,0.76706
194,194,275,514,"2021-04-02 18:23:23",608.98,delivered,"2021-09-17 01:58:28",paid,1.21796
195,195,37,588,"2021-08-02 11:47:32",547.24,notDelivered,"2021-09-17 01:58:28",unpaid,1.09448
196,196,284,965,"2020-05-29 14:00:24",322.22,delivered,"2021-09-17 01:58:28",unpaid,0.64444
197,197,462,513,"2021-02-21 12:58:58",123.78,delivering,"2021-09-17 01:58:28",paid,0.24756
198,198,361,680,"2021-01-15 22:19:10",525.31,delivering,"2021-09-17 01:58:28",paid,1.05062
199,199,198,955,"2020-10-20 03:40:34",331.22,notDelivered,"2021-09-17 01:58:28",paid,0.66244
200,200,119,841,"2021-03-25 16:30:30",715.3,delivered,"2021-09-17 01:58:28",paid,1.4306
201,201,239,569,"2020-03-28 10:16:32",494.18,delivering,"2021-09-17 01:58:28",unpaid,0.98836
202,202,154,857,"2020-07-14 06:20:33",518.79,notDelivered,"2021-09-17 01:58:28",paid,1.03758
203,203,34,983,"2020-07-20 04:08:31",718.88,notDelivered,"2021-09-17 01:58:28",paid,1.43776
204,204,219,686,"2020-01-21 23:43:38",856.64,delivering,"2021-09-17 01:58:28",paid,1.71328
205,205,251,937,"2020-11-28 22:24:27",835.18,delivering,"2021-09-17 01:58:28",paid,1.67036
206,206,19,563,"2021-08-16 18:19:17",756.07,delivered,"2021-09-17 01:58:28",unpaid,1.51214
207,207,241,874,"2020-12-07 05:40:45",327.69,notDelivered,"2021-09-17 01:58:28",unpaid,0.65538
208,208,205,721,"2021-09-04 17:45:52",64.62,notDelivered,"2021-09-17 01:58:28",paid,0.12924
209,209,289,934,"2020-08-19 14:16:02",533.41,delivered,"2021-09-17 01:58:28",unpaid,1.06682
210,210,335,883,"2021-07-05 18:32:45",516.14,notDelivered,"2021-09-17 01:58:28",unpaid,1.03228
211,211,104,557,"2020-09-09 17:43:51",57.56,notDelivered,"2021-09-17 01:58:28",paid,0.11512
212,212,57,559,"2021-07-14 20:14:38",904.8,delivering,"2021-09-17 01:58:28",unpaid,1.8096
213,213,139,605,"2020-06-14 22:43:48",382.85,delivering,"2021-09-17 01:58:28",unpaid,0.7657
214,214,456,516,"2021-01-06 22:43:17",776.25,notDelivered,"2021-09-17 01:58:28",paid,1.5525
215,215,157,931,"2020-02-08 14:26:31",144.86,delivered,"2021-09-17 01:58:28",unpaid,0.28972
216,216,82,803,"2021-03-27 17:36:34",939.67,delivering,"2021-09-17 01:58:28",paid,1.87934
217,217,369,784,"2021-04-02 15:28:38",676.11,delivering,"2021-09-17 01:58:28",unpaid,1.35222
218,218,124,588,"2020-02-09 07:13:10",241.39,notDelivered,"2021-09-17 01:58:28",unpaid,0.48278
219,219,59,529,"2020-07-12 00:22:55",908.22,notDelivered,"2021-09-17 01:58:28",paid,1.81644
220,220,70,979,"2020-06-23 19:43:40",16.46,notDelivered,"2021-09-17 01:58:28",unpaid,0.03292
221,221,309,685,"2021-04-14 15:23:41",588.34,delivering,"2021-09-17 01:58:28",paid,1.17668
222,222,66,950,"2020-10-12 11:17:31",241.84,delivering,"2021-09-17 01:58:28",unpaid,0.48368
223,223,423,934,"2020-09-12 21:50:24",816.72,delivering,"2021-09-17 01:58:28",unpaid,1.63344
224,224,189,730,"2020-03-18 11:05:31",117.35,notDelivered,"2021-09-17 01:58:28",paid,0.2347
225,225,166,927,"2021-02-12 04:49:15",484.22,notDelivered,"2021-09-17 01:58:28",unpaid,0.96844
226,226,94,656,"2020-03-12 01:39:40",175.91,notDelivered,"2021-09-17 01:58:28",unpaid,0.35182
227,227,83,567,"2021-01-20 00:51:18",110.85,notDelivered,"2021-09-17 01:58:28",paid,0.2217
228,228,280,908,"2021-03-09 23:04:36",917.88,notDelivered,"2021-09-17 01:58:28",unpaid,1.83576
229,229,357,708,"2020-08-22 08:17:46",848.35,delivering,"2021-09-17 01:58:28",paid,1.6967
230,230,294,587,"2021-05-27 03:40:12",775.44,notDelivered,"2021-09-17 01:58:28",paid,1.55088
231,231,236,764,"2020-05-25 22:36:47",504.04,notDelivered,"2021-09-17 01:58:28",unpaid,1.00808
232,232,89,876,"2020-09-17 11:32:37",948.57,delivered,"2021-09-17 01:58:28",paid,1.89714
233,233,297,977,"2021-03-07 00:51:57",959.09,delivered,"2021-09-17 01:58:28",unpaid,1.91818
234,234,233,614,"2020-07-04 23:53:02",948.92,delivered,"2021-09-17 01:58:28",unpaid,1.89784
235,235,200,568,"2021-07-30 22:24:21",694.63,delivering,"2021-09-17 01:58:28",paid,1.38926
236,236,166,765,"2021-08-17 01:43:31",904,delivered,"2021-09-17 01:58:28",paid,1.808
237,237,178,685,"2020-08-03 15:22:23",325.42,delivering,"2021-09-17 01:58:28",paid,0.65084
238,238,499,759,"2020-09-30 05:14:26",255.7,delivering,"2021-09-17 01:58:28",unpaid,0.5114
239,239,264,521,"2020-10-07 10:19:05",303.53,notDelivered,"2021-09-17 01:58:28",unpaid,0.60706
240,240,240,807,"2021-02-12 09:03:15",370.48,delivering,"2021-09-17 01:58:28",paid,0.74096
241,241,250,790,"2021-03-24 08:28:59",427.26,delivering,"2021-09-17 01:58:28",unpaid,0.85452
242,242,330,836,"2020-04-03 16:05:22",813.19,delivering,"2021-09-17 01:58:28",unpaid,1.62638
243,243,234,760,"2020-10-09 02:51:39",49.08,delivering,"2021-09-17 01:58:28",paid,0.09816
244,244,73,773,"2021-01-16 22:02:03",371.82,delivering,"2021-09-17 01:58:28",unpaid,0.74364
245,245,380,520,"2020-08-14 22:18:39",527.64,delivering,"2021-09-17 01:58:28",paid,1.05528
246,246,476,757,"2020-10-16 14:17:53",433.86,delivered,"2021-09-17 01:58:28",paid,0.86772
247,247,151,981,"2020-11-30 07:44:56",771.53,delivering,"2021-09-17 01:58:28",unpaid,1.54306
248,248,148,522,"2020-05-30 16:51:40",526.8,notDelivered,"2021-09-17 01:58:28",paid,1.0536
249,249,378,556,"2021-02-14 20:49:49",915.54,notDelivered,"2021-09-17 01:58:28",paid,1.83108
250,250,371,825,"2020-11-28 03:19:09",623.3,delivering,"2021-09-17 01:58:28",unpaid,1.2466
251,251,194,680,"2021-07-06 20:43:26",69.96,delivered,"2021-09-17 01:58:28",paid,0.13992
252,252,204,875,"2021-04-11 06:19:35",803.71,notDelivered,"2021-09-17 01:58:28",paid,1.60742
253,253,95,963,"2020-08-22 19:19:49",534.14,delivered,"2021-09-17 01:58:28",paid,1.06828
254,254,364,631,"2020-11-23 04:46:21",621.23,delivering,"2021-09-17 01:58:28",unpaid,1.24246
255,255,306,650,"2021-04-03 15:44:55",491.94,notDelivered,"2021-09-17 01:58:28",paid,0.98388
256,256,470,551,"2020-04-21 06:39:17",315.32,notDelivered,"2021-09-17 01:58:28",unpaid,0.63064
257,257,242,740,"2021-03-21 02:16:42",89.09,delivering,"2021-09-17 01:58:28",paid,0.17818
258,258,367,567,"2020-05-03 05:02:32",452.33,delivered,"2021-09-17 01:58:28",paid,0.90466
259,259,73,963,"2021-04-10 02:43:59",527.81,delivering,"2021-09-17 01:58:28",paid,1.05562
260,260,464,877,"2021-07-20 16:22:36",413.18,delivered,"2021-09-17 01:58:28",unpaid,0.82636
261,261,345,593,"2021-07-01 16:38:59",613.02,notDelivered,"2021-09-17 01:58:28",paid,1.22604
262,262,490,730,"2020-11-30 11:47:02",860.09,delivered,"2021-09-17 01:58:28",unpaid,1.72018
263,263,53,606,"2021-06-03 04:52:45",87.25,delivering,"2021-09-17 01:58:28",paid,0.1745
264,264,174,912,"2020-07-26 13:09:06",1.81,delivered,"2021-09-17 01:58:28",paid,0.00362
265,265,332,865,"2021-06-29 10:13:32",892.73,delivered,"2021-09-17 01:58:28",unpaid,1.78546
266,266,394,608,"2020-05-22 10:19:37",755.19,delivering,"2021-09-17 01:58:28",paid,1.51038
267,267,311,937,"2021-03-12 07:48:29",831.18,delivering,"2021-09-17 01:58:28",unpaid,1.66236
268,268,211,502,"2021-07-16 08:57:25",650.96,notDelivered,"2021-09-17 01:58:28",paid,1.30192
269,269,282,658,"2020-07-29 19:48:13",730.23,delivering,"2021-09-17 01:58:28",unpaid,1.46046
270,270,314,727,"2020-12-15 14:13:18",228.7,delivered,"2021-09-17 01:58:28",unpaid,0.4574
271,271,376,818,"2020-05-17 21:54:03",598.53,notDelivered,"2021-09-17 01:58:28",unpaid,1.19706
272,272,495,881,"2020-07-14 07:45:16",778.22,delivered,"2021-09-17 01:58:28",paid,1.55644
273,273,475,740,"2020-11-12 17:01:44",820.3,notDelivered,"2021-09-17 01:58:28",paid,1.6406
274,274,454,632,"2021-08-25 14:11:40",125.06,delivered,"2021-09-17 01:58:28",unpaid,0.25012
275,275,295,936,"2021-04-02 19:33:07",382.47,delivered,"2021-09-17 01:58:28",paid,0.76494
276,276,79,978,"2021-05-20 06:28:15",75.95,delivering,"2021-09-17 01:58:28",unpaid,0.1519
277,277,178,871,"2021-06-17 10:45:25",333.26,delivering,"2021-09-17 01:58:28",unpaid,0.66652
278,278,68,816,"2020-01-25 09:46:59",740.9,delivering,"2021-09-17 01:58:28",paid,1.4818
279,279,337,742,"2020-07-11 23:24:06",943.76,delivered,"2021-09-17 01:58:28",paid,1.88752
280,280,282,943,"2020-08-01 05:13:40",976.16,notDelivered,"2021-09-17 01:58:28",unpaid,1.95232
281,281,492,770,"2020-01-08 13:52:11",14.12,delivered,"2021-09-17 01:58:28",paid,0.02824
282,282,82,529,"2020-06-03 10:11:50",573.23,notDelivered,"2021-09-17 01:58:28",unpaid,1.14646
283,283,24,990,"2020-07-30 19:24:10",517.98,delivering,"2021-09-17 01:58:28",paid,1.03596
284,284,77,571,"2021-05-09 12:18:34",537.18,delivered,"2021-09-17 01:58:28",paid,1.07436
285,285,396,924,"2020-04-29 05:41:40",425.99,delivering,"2021-09-17 01:58:28",unpaid,0.85198
286,286,482,993,"2020-02-23 18:36:21",862.66,delivered,"2021-09-17 01:58:28",unpaid,1.72532
287,287,400,771,"2020-05-15 19:04:48",62.69,notDelivered,"2021-09-17 01:58:28",unpaid,0.12538
288,288,215,674,"2021-04-08 08:39:12",242.62,notDelivered,"2021-09-17 01:58:28",unpaid,0.48524
289,289,157,873,"2021-03-10 12:47:11",188.67,notDelivered,"2021-09-17 01:58:28",paid,0.37734
290,290,17,829,"2020-02-26 13:56:55",226.68,notDelivered,"2021-09-17 01:58:28",paid,0.45336
291,291,303,921,"2020-08-08 15:15:32",896.41,notDelivered,"2021-09-17 01:58:28",unpaid,1.79282
292,292,112,638,"2020-09-17 19:10:58",259.86,delivered,"2021-09-17 01:58:28",paid,0.51972
293,293,90,539,"2021-07-14 02:34:46",563.33,delivered,"2021-09-17 01:58:28",unpaid,1.12666
294,294,496,907,"2021-05-25 02:04:02",510.48,notDelivered,"2021-09-17 01:58:28",unpaid,1.02096
295,295,436,781,"2020-05-30 18:45:32",336.17,delivered,"2021-09-17 01:58:28",unpaid,0.67234
296,296,264,891,"2021-04-16 05:58:40",137.81,notDelivered,"2021-09-17 01:58:28",unpaid,0.27562
297,297,211,613,"2020-09-20 07:57:45",521.48,delivering,"2021-09-17 01:58:28",paid,1.04296
298,298,306,921,"2021-02-24 07:12:01",267.76,delivering,"2021-09-17 01:58:28",paid,0.53552
299,299,221,927,"2021-01-17 06:56:44",49.97,delivering,"2021-09-17 01:58:28",paid,0.09994
300,300,267,886,"2020-08-13 04:14:50",432.22,notDelivered,"2021-09-17 01:58:28",paid,0.86444
301,301,32,525,"2020-09-09 17:34:18",470.18,delivered,"2021-09-17 01:58:28",paid,0.94036
302,302,269,727,"2021-02-26 22:52:55",569.6,delivered,"2021-09-17 01:58:28",paid,1.1392
303,303,420,875,"2021-08-22 17:25:35",24.92,delivering,"2021-09-17 01:58:28",paid,0.04984
304,304,362,588,"2020-10-30 17:45:36",590.24,notDelivered,"2021-09-17 01:58:28",paid,1.18048
305,305,149,740,"2020-12-08 06:44:04",879.99,delivered,"2021-09-17 01:58:28",paid,1.75998
306,306,346,831,"2021-08-04 08:39:06",309.86,delivering,"2021-09-17 01:58:28",paid,0.61972
307,307,119,809,"2021-04-10 15:46:15",164.68,notDelivered,"2021-09-17 01:58:28",unpaid,0.32936
308,308,67,565,"2021-06-30 16:52:58",511.11,delivering,"2021-09-17 01:58:28",unpaid,1.02222
309,309,366,707,"2021-01-12 08:11:38",710.06,delivered,"2021-09-17 01:58:28",paid,1.42012
310,310,176,556,"2020-10-27 15:41:33",589.09,notDelivered,"2021-09-17 01:58:28",unpaid,1.17818
311,311,463,855,"2021-05-27 18:29:27",796.24,notDelivered,"2021-09-17 01:58:28",paid,1.59248
312,312,420,837,"2021-02-23 01:38:05",722.96,notDelivered,"2021-09-17 01:58:28",paid,1.44592
313,313,78,693,"2020-09-01 05:47:15",822.04,delivered,"2021-09-17 01:58:28",paid,1.64408
314,314,462,938,"2020-12-13 00:55:26",192.87,notDelivered,"2021-09-17 01:58:28",paid,0.38574
315,315,277,803,"2020-11-16 20:17:07",610.93,notDelivered,"2021-09-17 01:58:28",paid,1.22186
316,316,44,885,"2021-02-27 03:37:50",575.66,notDelivered,"2021-09-17 01:58:28",unpaid,1.15132
317,317,345,715,"2020-10-15 11:03:55",875.46,delivering,"2021-09-17 01:58:28",paid,1.75092
318,318,26,882,"2020-07-28 15:37:37",34.4,notDelivered,"2021-09-17 01:58:28",paid,0.0688
319,319,26,684,"2021-02-03 07:46:52",828.38,delivering,"2021-09-17 01:58:28",unpaid,1.65676
320,320,447,887,"2020-11-09 19:12:47",582.14,delivered,"2021-09-17 01:58:28",paid,1.16428
321,321,118,557,"2021-03-06 11:36:04",381.24,delivering,"2021-09-17 01:58:28",paid,0.76248
322,322,366,699,"2021-03-14 02:24:03",659.7,delivered,"2021-09-17 01:58:28",unpaid,1.3194
323,323,172,813,"2020-06-03 04:01:02",365.35,delivered,"2021-09-17 01:58:28",paid,0.7307
324,324,206,762,"2021-08-16 18:03:39",556.41,delivered,"2021-09-17 01:58:28",unpaid,1.11282
325,325,119,856,"2020-03-23 23:47:41",356.73,delivering,"2021-09-17 01:58:28",unpaid,0.71346
326,326,112,942,"2020-05-05 20:46:34",611.45,delivered,"2021-09-17 01:58:28",paid,1.2229
327,327,475,940,"2020-04-24 18:11:19",499.91,notDelivered,"2021-09-17 01:58:28",unpaid,0.99982
328,328,21,670,"2020-04-19 18:39:21",150.44,delivered,"2021-09-17 01:58:28",paid,0.30088
329,329,83,912,"2020-12-09 13:41:44",704.09,delivering,"2021-09-17 01:58:28",paid,1.40818
330,330,217,513,"2020-10-16 23:05:55",736.01,delivering,"2021-09-17 01:58:28",unpaid,1.47202
331,331,186,542,"2020-01-30 19:29:05",715.09,notDelivered,"2021-09-17 01:58:28",unpaid,1.43018
332,332,485,768,"2021-06-18 10:07:18",176.17,notDelivered,"2021-09-17 01:58:28",paid,0.35234
333,333,225,788,"2020-08-12 14:26:09",355.1,notDelivered,"2021-09-17 01:58:28",unpaid,0.7102
334,334,453,699,"2021-02-03 09:39:33",638.49,delivering,"2021-09-17 01:58:28",paid,1.27698
335,335,394,886,"2021-03-29 22:44:38",524.07,delivering,"2021-09-17 01:58:28",paid,1.04814
336,336,321,796,"2021-03-19 21:55:10",637.86,notDelivered,"2021-09-17 01:58:28",paid,1.27572
337,337,312,972,"2020-08-16 12:50:03",962.39,notDelivered,"2021-09-17 01:58:28",paid,1.92478
338,338,380,791,"2021-06-11 18:55:23",722.36,delivered,"2021-09-17 01:58:28",unpaid,1.44472
339,339,420,580,"2020-08-07 21:32:39",616.4,delivering,"2021-09-17 01:58:28",unpaid,1.2328
340,340,446,608,"2021-03-19 14:00:05",32.16,delivered,"2021-09-17 01:58:28",paid,0.06432
341,341,351,992,"2020-11-20 01:21:17",900.76,notDelivered,"2021-09-17 01:58:28",paid,1.80152
342,342,146,760,"2020-07-09 22:56:19",755,delivered,"2021-09-17 01:58:28",unpaid,1.51
343,343,96,912,"2020-05-31 21:49:17",892.97,delivering,"2021-09-17 01:58:28",unpaid,1.78594
344,344,337,817,"2020-04-15 11:13:12",873.48,delivered,"2021-09-17 01:58:28",paid,1.74696
345,345,380,655,"2020-06-09 01:51:15",871.62,notDelivered,"2021-09-17 01:58:28",paid,1.74324
346,346,128,686,"2020-01-17 09:53:26",270.48,delivered,"2021-09-17 01:58:28",paid,0.54096
347,347,261,501,"2020-01-04 04:20:32",96.11,notDelivered,"2021-09-17 01:58:28",unpaid,0.19222
348,348,26,605,"2021-09-02 06:00:24",796.53,delivering,"2021-09-17 01:58:28",unpaid,1.59306
349,349,135,845,"2020-12-13 14:30:46",191.88,notDelivered,"2021-09-17 01:58:28",paid,0.38376
350,350,196,553,"2020-02-04 02:14:04",500.7,notDelivered,"2021-09-17 01:58:28",unpaid,1.0014
351,351,8,647,"2020-10-03 06:52:25",716.29,delivered,"2021-09-17 01:58:28",unpaid,1.43258
352,352,434,917,"2021-08-25 15:27:20",274.61,notDelivered,"2021-09-17 01:58:28",paid,0.54922
353,353,318,976,"2020-09-21 22:39:44",968.28,notDelivered,"2021-09-17 01:58:28",unpaid,1.93656
354,354,492,620,"2021-07-30 11:05:56",469.79,notDelivered,"2021-09-17 01:58:28",unpaid,0.93958
355,355,432,748,"2020-02-24 14:17:59",344.79,delivered,"2021-09-17 01:58:28",unpaid,0.68958
356,356,421,824,"2020-08-16 19:00:09",288.45,delivering,"2021-09-17 01:58:28",paid,0.5769
357,357,22,536,"2021-01-19 21:39:31",76.31,delivered,"2021-09-17 01:58:28",paid,0.15262
358,358,382,773,"2021-02-11 05:37:12",860.91,delivered,"2021-09-17 01:58:28",unpaid,1.72182
359,359,116,597,"2021-01-29 09:08:49",292.35,delivering,"2021-09-17 01:58:28",unpaid,0.5847
360,360,248,938,"2020-05-17 17:24:45",883.55,notDelivered,"2021-09-17 01:58:28",unpaid,1.7671
361,361,295,866,"2021-03-17 07:57:16",780.4,notDelivered,"2021-09-17 01:58:28",unpaid,1.5608
362,362,372,551,"2021-01-12 21:00:24",534.34,notDelivered,"2021-09-17 01:58:28",paid,1.06868
363,363,358,545,"2021-07-08 03:00:17",29.12,notDelivered,"2021-09-17 01:58:28",paid,0.05824
364,364,28,825,"2020-05-29 12:33:41",512.18,delivering,"2021-09-17 01:58:28",paid,1.02436
365,365,453,924,"2020-03-27 07:52:12",753.24,notDelivered,"2021-09-17 01:58:28",unpaid,1.50648
366,366,448,908,"2021-03-12 00:24:13",924.31,notDelivered,"2021-09-17 01:58:28",unpaid,1.84862
367,367,97,567,"2020-09-25 21:41:45",649.62,notDelivered,"2021-09-17 01:58:28",paid,1.29924
368,368,253,735,"2021-08-07 01:59:49",673.99,notDelivered,"2021-09-17 01:58:28",unpaid,1.34798
369,369,284,823,"2020-11-02 13:32:04",128.88,delivered,"2021-09-17 01:58:28",paid,0.25776
370,370,289,706,"2021-05-06 18:08:26",303.4,notDelivered,"2021-09-17 01:58:28",paid,0.6068
371,371,469,760,"2020-03-26 20:01:32",508.93,delivering,"2021-09-17 01:58:28",unpaid,1.01786
372,372,367,974,"2021-09-04 07:37:50",845.29,delivering,"2021-09-17 01:58:28",unpaid,1.69058
373,373,76,696,"2020-06-03 07:29:25",360.92,delivering,"2021-09-17 01:58:29",unpaid,0.72184
374,374,399,997,"2020-01-19 19:45:54",151.22,notDelivered,"2021-09-17 01:58:29",paid,0.30244
375,375,392,918,"2020-08-24 19:25:07",980.83,delivering,"2021-09-17 01:58:29",unpaid,1.96166
376,376,293,739,"2020-12-13 20:11:34",66.12,notDelivered,"2021-09-17 01:58:29",paid,0.13224
377,377,50,876,"2020-08-25 16:11:39",324.96,notDelivered,"2021-09-17 01:58:29",paid,0.64992
378,378,465,679,"2021-04-30 19:05:36",745.02,delivered,"2021-09-17 01:58:29",unpaid,1.49004
379,379,258,581,"2020-12-24 05:52:19",1.96,delivering,"2021-09-17 01:58:29",paid,0.00392
380,380,193,989,"2021-04-10 10:02:27",171.3,notDelivered,"2021-09-17 01:58:29",paid,0.3426
381,381,458,637,"2021-02-26 00:01:09",823.66,notDelivered,"2021-09-17 01:58:29",unpaid,1.64732
382,382,170,734,"2021-07-03 13:34:39",290.36,delivered,"2021-09-17 01:58:29",paid,0.58072
383,383,335,917,"2020-01-10 09:43:03",911.92,notDelivered,"2021-09-17 01:58:29",paid,1.82384
384,384,475,548,"2020-07-30 13:00:53",648.56,delivered,"2021-09-17 01:58:29",unpaid,1.29712
385,385,497,888,"2020-02-07 14:50:34",667.35,notDelivered,"2021-09-17 01:58:29",unpaid,1.3347
386,386,384,649,"2021-03-22 21:25:41",855.99,delivering,"2021-09-17 01:58:29",unpaid,1.71198
387,387,460,518,"2020-01-04 17:34:03",457.87,notDelivered,"2021-09-17 01:58:29",paid,0.91574
388,388,128,581,"2020-11-22 21:22:41",422.27,delivering,"2021-09-17 01:58:29",unpaid,0.84454
389,389,226,555,"2020-08-27 13:58:48",19.44,notDelivered,"2021-09-17 01:58:29",unpaid,0.03888
390,390,389,823,"2021-07-15 14:23:35",298,delivered,"2021-09-17 01:58:29",paid,0.596
391,391,310,561,"2020-08-22 19:18:56",858.05,delivering,"2021-09-17 01:58:29",unpaid,1.7161
392,392,381,886,"2020-07-27 12:50:17",695.38,delivered,"2021-09-17 01:58:29",unpaid,1.39076
393,393,466,966,"2021-06-24 23:54:17",857.56,delivered,"2021-09-17 01:58:29",paid,1.71512
394,394,82,697,"2020-01-19 11:29:56",567.76,delivered,"2021-09-17 01:58:29",paid,1.13552
395,395,104,685,"2021-06-18 16:03:04",234.46,delivering,"2021-09-17 01:58:29",paid,0.46892
396,396,175,712,"2020-03-10 00:05:50",474.68,delivered,"2021-09-17 01:58:29",paid,0.94936
397,397,350,791,"2021-05-03 09:21:38",973.36,delivering,"2021-09-17 01:58:29",paid,1.94672
398,398,11,642,"2020-09-17 20:36:14",70.16,delivered,"2021-09-17 01:58:29",unpaid,0.14032
399,399,259,939,"2021-02-04 06:54:30",312.65,notDelivered,"2021-09-17 01:58:29",paid,0.6253
400,400,165,825,"2020-07-28 22:42:01",947.86,delivering,"2021-09-17 01:58:29",unpaid,1.89572
401,401,366,839,"2020-07-20 10:51:40",183.63,delivered,"2021-09-17 01:58:29",paid,0.36726
402,402,257,716,"2021-09-06 17:04:27",937.44,delivering,"2021-09-17 01:58:29",unpaid,1.87488
403,403,476,650,"2020-01-23 11:56:14",889.64,delivering,"2021-09-17 01:58:29",paid,1.77928
404,404,402,642,"2020-05-11 02:14:03",46.72,delivered,"2021-09-17 01:58:29",unpaid,0.09344
405,405,13,532,"2020-05-08 19:07:51",266.67,notDelivered,"2021-09-17 01:58:29",paid,0.53334
406,406,42,823,"2020-04-08 06:40:44",27.92,notDelivered,"2021-09-17 01:58:29",paid,0.05584
407,407,148,566,"2021-08-29 17:04:05",68.59,notDelivered,"2021-09-17 01:58:29",paid,0.13718
408,408,458,618,"2020-06-04 12:46:00",768.11,delivering,"2021-09-17 01:58:29",paid,1.53622
409,409,237,924,"2020-08-24 19:33:20",23.53,notDelivered,"2021-09-17 01:58:29",unpaid,0.04706
410,410,253,888,"2020-11-06 21:23:34",537.75,notDelivered,"2021-09-17 01:58:29",paid,1.0755
411,411,286,781,"2020-12-20 09:40:00",589.91,delivering,"2021-09-17 01:58:29",unpaid,1.17982
412,412,206,592,"2021-01-30 20:07:57",934.53,notDelivered,"2021-09-17 01:58:29",paid,1.86906
413,413,433,710,"2021-01-18 23:09:33",693.77,delivering,"2021-09-17 01:58:29",paid,1.38754
414,414,330,708,"2020-02-25 18:11:19",856.63,delivering,"2021-09-17 01:58:29",paid,1.71326
415,415,162,630,"2020-10-12 23:27:56",335.3,delivering,"2021-09-17 01:58:29",unpaid,0.6706
416,416,155,628,"2020-07-13 15:47:24",878.58,delivering,"2021-09-17 01:58:29",paid,1.75716
417,417,78,748,"2021-03-16 17:36:08",164.98,notDelivered,"2021-09-17 01:58:29",paid,0.32996
418,418,493,617,"2020-03-19 15:07:12",663.27,delivering,"2021-09-17 01:58:29",paid,1.32654
419,419,99,694,"2020-11-06 00:40:54",849.93,delivered,"2021-09-17 01:58:29",paid,1.69986
420,420,8,626,"2021-02-17 13:18:12",968.46,notDelivered,"2021-09-17 01:58:29",unpaid,1.93692
421,421,92,849,"2021-07-23 06:48:58",52.33,delivering,"2021-09-17 01:58:29",paid,0.10466
422,422,24,759,"2020-08-14 07:06:38",938.8,delivering,"2021-09-17 01:58:29",unpaid,1.8776
423,423,445,727,"2020-04-04 07:10:41",196.98,delivering,"2021-09-17 01:58:29",paid,0.39396
424,424,381,691,"2020-03-13 11:10:59",609.24,delivering,"2021-09-17 01:58:29",unpaid,1.21848
425,425,298,840,"2021-03-18 09:47:10",105.94,delivering,"2021-09-17 01:58:29",unpaid,0.21188
426,426,471,772,"2021-05-21 01:44:07",393.55,delivered,"2021-09-17 01:58:29",paid,0.7871
427,427,248,946,"2020-04-11 17:39:17",104.2,delivered,"2021-09-17 01:58:29",paid,0.2084
428,428,28,846,"2021-01-01 03:53:47",58.26,delivered,"2021-09-17 01:58:29",paid,0.11652
429,429,336,628,"2021-02-17 00:07:14",423.93,notDelivered,"2021-09-17 01:58:29",paid,0.84786
430,430,385,837,"2021-07-05 05:23:19",275.54,delivered,"2021-09-17 01:58:29",paid,0.55108
431,431,253,891,"2021-08-06 12:43:04",242.65,notDelivered,"2021-09-17 01:58:29",paid,0.4853
432,432,291,610,"2020-11-29 06:36:27",919.42,delivering,"2021-09-17 01:58:29",paid,1.83884
433,433,427,862,"2020-08-09 08:38:57",683.06,delivered,"2021-09-17 01:58:29",unpaid,1.36612
434,434,302,834,"2020-03-05 06:51:24",206.25,notDelivered,"2021-09-17 01:58:29",paid,0.4125
435,435,463,777,"2021-02-28 14:35:10",900.58,notDelivered,"2021-09-17 01:58:29",paid,1.80116
436,436,82,679,"2020-12-08 03:22:11",255.8,delivered,"2021-09-17 01:58:29",unpaid,0.5116
437,437,310,696,"2020-03-09 08:45:47",323.23,delivering,"2021-09-17 01:58:29",paid,0.64646
438,438,492,573,"2020-05-06 17:19:12",752.85,notDelivered,"2021-09-17 01:58:29",paid,1.5057
439,439,477,551,"2020-03-21 22:15:38",990.99,notDelivered,"2021-09-17 01:58:29",unpaid,1.98198
440,440,254,817,"2020-05-03 18:32:54",274.98,delivering,"2021-09-17 01:58:29",paid,0.54996
441,441,470,670,"2021-04-25 08:46:15",390.87,delivered,"2021-09-17 01:58:29",unpaid,0.78174
442,442,452,721,"2020-02-18 17:11:42",914.67,delivered,"2021-09-17 01:58:29",paid,1.82934
443,443,14,748,"2021-04-30 03:50:12",92.46,delivering,"2021-09-17 01:58:29",paid,0.18492
444,444,116,870,"2020-04-19 12:12:35",710.89,delivering,"2021-09-17 01:58:29",unpaid,1.42178
445,445,221,897,"2020-02-15 03:07:28",37.99,notDelivered,"2021-09-17 01:58:29",paid,0.07598
446,446,99,610,"2020-04-28 01:45:00",768.66,delivered,"2021-09-17 01:58:29",paid,1.53732
447,447,195,545,"2020-02-14 02:06:06",641.29,delivering,"2021-09-17 01:58:29",unpaid,1.28258
448,448,110,760,"2021-06-13 23:39:26",386.44,notDelivered,"2021-09-17 01:58:29",unpaid,0.77288
449,449,243,559,"2021-03-16 20:52:11",290.67,notDelivered,"2021-09-17 01:58:29",unpaid,0.58134
450,450,476,691,"2020-06-20 07:41:04",335.97,delivered,"2021-09-17 01:58:29",unpaid,0.67194
451,451,445,631,"2021-06-28 15:05:09",139.44,notDelivered,"2021-09-17 01:58:29",paid,0.27888
452,452,47,942,"2021-04-16 03:27:18",633.88,delivering,"2021-09-17 01:58:29",unpaid,1.26776
453,453,383,821,"2020-08-14 03:50:00",594.72,notDelivered,"2021-09-17 01:58:29",unpaid,1.18944
454,454,385,693,"2020-02-04 19:33:31",573.78,delivered,"2021-09-17 01:58:29",unpaid,1.14756
455,455,53,769,"2020-12-17 00:52:43",799.75,notDelivered,"2021-09-17 01:58:29",paid,1.5995
456,456,262,598,"2021-03-15 21:48:20",183.29,delivered,"2021-09-17 01:58:29",unpaid,0.36658
457,457,471,557,"2020-05-10 17:59:40",654.21,delivering,"2021-09-17 01:58:29",paid,1.30842
458,458,309,940,"2021-06-24 02:56:55",39.72,delivering,"2021-09-17 01:58:29",unpaid,0.07944
459,459,428,971,"2020-12-15 06:24:01",504.41,delivering,"2021-09-17 01:58:29",unpaid,1.00882
460,460,312,851,"2020-10-18 21:22:01",59.22,delivering,"2021-09-17 01:58:29",paid,0.11844
461,461,123,564,"2021-02-09 13:36:18",248.72,delivered,"2021-09-17 01:58:29",unpaid,0.49744
462,462,205,641,"2021-04-04 14:32:37",355.59,notDelivered,"2021-09-17 01:58:29",unpaid,0.71118
463,463,453,931,"2020-04-13 01:13:58",647.33,delivering,"2021-09-17 01:58:29",unpaid,1.29466
464,464,193,596,"2021-04-02 17:54:13",856.57,delivering,"2021-09-17 01:58:29",unpaid,1.71314
465,465,316,789,"2021-01-19 11:12:32",81.88,delivered,"2021-09-17 01:58:29",unpaid,0.16376
466,466,234,699,"2020-10-25 19:25:06",734.81,delivered,"2021-09-17 01:58:29",unpaid,1.46962
467,467,357,506,"2020-10-10 12:46:52",66.22,delivered,"2021-09-17 01:58:29",unpaid,0.13244
468,468,354,536,"2020-07-10 12:17:59",718.83,notDelivered,"2021-09-17 01:58:29",paid,1.43766
469,469,56,809,"2020-12-03 11:46:05",559.27,notDelivered,"2021-09-17 01:58:29",unpaid,1.11854
470,470,267,857,"2020-08-20 11:56:22",622.62,delivering,"2021-09-17 01:58:29",unpaid,1.24524
471,471,389,960,"2020-04-05 11:27:14",258.77,delivered,"2021-09-17 01:58:29",paid,0.51754
472,472,448,749,"2020-02-27 19:52:53",575.12,delivered,"2021-09-17 01:58:29",paid,1.15024
473,473,41,913,"2021-02-07 11:47:38",117.41,delivered,"2021-09-17 01:58:29",unpaid,0.23482
474,474,2,585,"2021-01-13 09:12:10",176.11,notDelivered,"2021-09-17 01:58:29",paid,0.35222
475,475,212,769,"2020-02-08 12:50:04",14.12,delivered,"2021-09-17 01:58:29",unpaid,0.02824
476,476,223,725,"2020-06-11 00:56:44",107.81,delivering,"2021-09-17 01:58:29",unpaid,0.21562
477,477,7,764,"2021-08-06 18:23:07",760.36,delivering,"2021-09-17 01:58:29",paid,1.52072
478,478,267,936,"2021-01-27 20:48:38",627.57,notDelivered,"2021-09-17 01:58:29",unpaid,1.25514
479,479,480,965,"2021-07-21 12:00:42",883.49,notDelivered,"2021-09-17 01:58:29",unpaid,1.76698
480,480,58,967,"2020-06-19 03:47:24",458.7,delivering,"2021-09-17 01:58:29",paid,0.9174
481,481,191,689,"2020-09-26 00:53:33",723.03,notDelivered,"2021-09-17 01:58:29",paid,1.44606
482,482,162,808,"2021-05-13 07:24:21",913.49,delivering,"2021-09-17 01:58:29",paid,1.82698
483,483,87,670,"2021-01-28 09:34:16",973.74,delivered,"2021-09-17 01:58:29",unpaid,1.94748
484,484,288,529,"2021-09-09 07:56:35",636.27,notDelivered,"2021-09-17 01:58:29",paid,1.27254
485,485,9,520,"2021-05-05 18:27:16",998.35,delivered,"2021-09-17 01:58:29",unpaid,1.9967
486,486,328,980,"2021-03-16 08:02:09",912.11,delivered,"2021-09-17 01:58:29",paid,1.82422
487,487,437,813,"2020-05-03 09:25:24",978.38,delivering,"2021-09-17 01:58:29",unpaid,1.95676
488,488,291,507,"2020-06-04 16:46:02",641.08,delivered,"2021-09-17 01:58:29",unpaid,1.28216
489,489,199,547,"2021-01-10 03:43:15",734.65,notDelivered,"2021-09-17 01:58:29",unpaid,1.4693
490,490,73,801,"2020-12-13 13:04:13",933.52,delivered,"2021-09-17 01:58:29",paid,1.86704
491,491,453,600,"2020-05-21 22:21:52",216.76,delivered,"2021-09-17 01:58:29",unpaid,0.43352
492,492,469,555,"2021-08-25 02:05:36",80.15,delivering,"2021-09-17 01:58:29",paid,0.1603
493,493,166,510,"2020-05-18 13:13:50",942.59,delivering,"2021-09-17 01:58:29",unpaid,1.88518
494,494,210,804,"2020-09-16 12:53:35",65.68,delivering,"2021-09-17 01:58:29",paid,0.13136
495,495,449,560,"2021-07-14 03:33:09",862.77,notDelivered,"2021-09-17 01:58:29",paid,1.72554
496,496,79,651,"2021-02-01 05:32:20",439.79,notDelivered,"2021-09-17 01:58:29",unpaid,0.87958
497,497,73,887,"2020-02-03 12:41:53",879.36,delivering,"2021-09-17 01:58:29",paid,1.75872
498,498,429,862,"2020-10-03 17:43:53",417.39,delivered,"2021-09-17 01:58:29",paid,0.83478
499,499,445,590,"2020-04-28 17:00:58",175.36,delivering,"2021-09-17 01:58:29",unpaid,0.35072
500,500,303,805,"2021-07-05 20:12:17",525.16,delivered,"2021-09-17 01:58:29",paid,1.05032
